<?xml version="1.0" encoding="UTF-8" ?>
<!DOCTYPE mapper PUBLIC "-//mybatis.org//DTD Mapper 3.0//EN" "http://mybatis.org/dtd/mybatis-3-mapper.dtd" >
<mapper namespace="com.djn.cn.op.abm.base.mapper.RoleInfoMapper" >
  <resultMap id="BaseResultMap" type="com.djn.cn.op.abm.base.entity.RoleInfo" >
    <!--
      WARNING - @mbg.generated
    -->
    <id column="id" property="id" jdbcType="BIGINT" />
    <result column="name" property="name" jdbcType="VARCHAR" />
    <result column="createTime" property="createTime" jdbcType="TIMESTAMP" />
    <result column="lastUpdateTime" property="lastUpdateTime" jdbcType="TIMESTAMP" />
    <result column="description" property="description" jdbcType="VARCHAR" />
    <result column="creatorId" property="creatorId" jdbcType="BIGINT" />
    <result column="lastUpdateUserId" property="lastUpdateUserId" jdbcType="BIGINT" />
    <result column="deleted" property="deleted" jdbcType="BIT" />
    <result column="version" property="version" jdbcType="BIGINT" />
    <result column="dedupKey" property="dedupKey" jdbcType="VARCHAR" />
    <result column="status" property="status" jdbcType="INTEGER" />
  </resultMap>
</mapper>