<?xml version="1.0" encoding="UTF-8" ?>
<!DOCTYPE mapper PUBLIC "-//mybatis.org//DTD Mapper 3.0//EN" "http://mybatis.org/dtd/mybatis-3-mapper.dtd" >
<mapper namespace="com.djn.cn.op.abm.base.mapper.UserInfoMapper" >
  <resultMap id="BaseResultMap" type="com.djn.cn.op.abm.base.entity.UserInfo" >
    <!--
      WARNING - @mbg.generated
    -->
    <id column="id" property="id" jdbcType="BIGINT" />
    <result column="name" property="name" jdbcType="VARCHAR" />
    <result column="createTime" property="createTime" jdbcType="TIMESTAMP" />
    <result column="lastUpdateTime" property="lastUpdateTime" jdbcType="TIMESTAMP" />
    <result column="description" property="description" jdbcType="VARCHAR" />
    <result column="creatorId" property="creatorId" jdbcType="BIGINT" />
    <result column="lastUpdateUserId" property="lastUpdateUserId" jdbcType="BIGINT" />
    <result column="deleted" property="deleted" jdbcType="BIT" />
    <result column="version" property="version" jdbcType="BIGINT" />
    <result column="dedupKey" property="dedupKey" jdbcType="VARCHAR" />
    <result column="userName" property="userName" jdbcType="VARCHAR" />
    <result column="password" property="password" jdbcType="VARCHAR" />
    <result column="salt" property="salt" jdbcType="VARCHAR" />
    <result column="email" property="email" jdbcType="VARCHAR" />
    <result column="age" property="age" jdbcType="INTEGER" />
    <result column="qq" property="qq" jdbcType="VARCHAR" />
    <result column="telphone" property="telphone" jdbcType="VARCHAR" />
    <result column="address" property="address" jdbcType="VARCHAR" />
    <result column="sex" property="sex" jdbcType="VARCHAR" />
    <result column="locked" property="locked" jdbcType="BIT" />
    <result column="activated" property="activated" jdbcType="BIT" />
  </resultMap>
</mapper>