<?xml version="1.0" encoding="UTF-8"?>
<!DOCTYPE generatorConfiguration
        PUBLIC "-//mybatis.org//DTD MyBatis Generator Configuration 1.0//EN"
        "http://mybatis.org/dtd/mybatis-generator-config_1_0.dtd">

<generatorConfiguration>
    <properties resource="config.properties"/>

    <context  id="Mysql" targetRuntime="MyBatis3Simple" defaultModelType="flat">
    
    	<property name="javaFileEncoding" value="UTF-8" />
        <property name="beginningDelimiter" value="`"/>
        <property name="endingDelimiter" value="`"/>

        <plugin type="tk.mybatis.mapper.generator.MapperPlugin">
            <property name="mappers" value="com.djn.cn.op.abm.base.mapper.MyMapper"/>
            <property name="forceAnnotation" value="true"/>
        </plugin>

        <jdbcConnection driverClass="${jdbc.driverClass}"
                        connectionURL="${jdbc.url}"
                        userId="${jdbc.user}"
                        password="${jdbc.password}">
        </jdbcConnection>

        <javaModelGenerator targetPackage="com.djn.cn.op.abm.base.entity" targetProject="src/main/java"/>

        <sqlMapGenerator targetPackage="mapper/base" targetProject="src/main/resources/"/>

        <javaClientGenerator targetPackage="com.djn.cn.op.abm.base.mapper" targetProject="src/main/java"
                             type="XMLMAPPER"/>


             
        <table tableName="T_SYS_MenuInfo" domainObjectName="MenuInfo" >
            <!-- mysql 配置 -->
            <property name="useActualColumnNames" value="true" />
            <generatedKey column="id" sqlStatement="Mysql" identity="true"/>
            <!-- oracle 配置 -->
            <!-- <generatedKey column="id" sqlStatement="select SEQ_{1}.nextval from dual" identity="false" type="pre"/> -->
        </table>
        <table tableName="T_SYS_RoleInfo" domainObjectName="RoleInfo" >
            <!-- mysql 配置 -->
            <property name="useActualColumnNames" value="true" />
            <generatedKey column="id" sqlStatement="Mysql" identity="true"/>
            <!-- oracle 配置 -->
            <!-- <generatedKey column="id" sqlStatement="select SEQ_{1}.nextval from dual" identity="false" type="pre"/> -->
        </table>
        <table tableName="T_SYS_UserInfo" domainObjectName="UserInfo" >
            <!-- mysql 配置 -->
            <property name="useActualColumnNames" value="true" />
            <generatedKey column="id" sqlStatement="Mysql" identity="true"/>
            <!-- oracle 配置 -->
            <!-- <generatedKey column="id" sqlStatement="select SEQ_{1}.nextval from dual" identity="false" type="pre"/> -->
        </table>

        
        
        
        
        
    </context>
</generatorConfiguration>